job_title,company_name,company_linkedin_link,company_location,company_image,work_method,post_date,applicants,work_time
Frontend Developer - November,KOMMLINk GmbH,https://www.linkedin.com/company/kommlink-gmbh/life/,United States,https://media-exp1.licdn.com/dms/image/C510BAQFSZoV5fPYWBw/company-logo_100_100/0/1519892193593?e=1675900800&v=beta&t=mwJC9QTSwOtPgluMTaYfnr55JYwQ2xyC6x1IkPWbJt4,Remote,4 hours ago,18 applicants,Full-time · Entry level
Frontend Engineer,CloserIQ,https://www.linkedin.com/company/closeriq/life/,United States,https://media-exp1.licdn.com/dms/image/C560BAQFF34Opwgm36Q/company-logo_100_100/0/1657900697922?e=1675900800&v=beta&t=13XXE0w9ZFPCu_HqvBNND2m0zPcU8g__UADtPP7YvUQ,Remote,2 hours ago,112 applicants,"$180,000/yr - $225,000/yr · Full-time · Entry level"
Front-End Developer UB4168,Nisum,https://www.linkedin.com/company/nisum-technologies/life/,United States,https://media-exp1.licdn.com/dms/image/C560BAQGdgmwsN1CnNg/company-logo_100_100/0/1640202835547?e=1675900800&v=beta&t=vSTLUcTelOb6TWO8l3Olf3WPkrMhnk67DhH06_gq7TA,Remote,1 hour ago,42 applicants,Part-time · Entry level
"Front-End Engineer, PubTech",Dice,https://www.linkedin.com/company/dice/life/,"New York, NY",https://media-exp1.licdn.com/dms/image/C560BAQEYK67Tel_mng/company-logo_100_100/0/1624162747433?e=1675900800&v=beta&t=5waaf_lqYxx085N6oLAbDSGMInhixf05-H2rD3UWGBs,On-site,6 hours ago,ERR,Full-time · Entry level
Fullstack Engineer (100% Remote),Piper Companies,https://www.linkedin.com/company/pipercompanies/life/,United States,https://media-exp1.licdn.com/dms/image/C4E0BAQFn01aR1iHRog/company-logo_100_100/0/1541555668518?e=1675900800&v=beta&t=tF7WomkzvbWlnz15zxs3JmOj1wS40W-YtohctEEEbrY,Remote,28 minutes ago,1 applicant,Full-time · Entry level
"UI Developer, React",Piper Companies,https://www.linkedin.com/company/pipercompanies/life/,United States,https://media-exp1.licdn.com/dms/image/C4E0BAQFn01aR1iHRog/company-logo_100_100/0/1541555668518?e=1675900800&v=beta&t=tF7WomkzvbWlnz15zxs3JmOj1wS40W-YtohctEEEbrY,Remote,18 hours ago,66 applicants,Full-time · Entry level
Front End Web Developer,Dice,https://www.linkedin.com/company/dice/life/,United States,https://media-exp1.licdn.com/dms/image/C560BAQEYK67Tel_mng/company-logo_100_100/0/1624162747433?e=1675900800&v=beta&t=5waaf_lqYxx085N6oLAbDSGMInhixf05-H2rD3UWGBs,Remote,24 minutes ago,3 applicants,Contract · Entry level
Full Stack Developer,Piper Companies,https://www.linkedin.com/company/pipercompanies/life/,United States,https://media-exp1.licdn.com/dms/image/C4E0BAQFn01aR1iHRog/company-logo_100_100/0/1541555668518?e=1675900800&v=beta&t=tF7WomkzvbWlnz15zxs3JmOj1wS40W-YtohctEEEbrY,Remote,6 hours ago,17 applicants,Full-time · Entry level
Front End Engineer [Remote],Braintrust,https://www.linkedin.com/company/usebraintrust/life/,"New York, NY",https://media-exp1.licdn.com/dms/image/C560BAQHbQYFSQsK__A/company-logo_100_100/0/1630511737707?e=1675900800&v=beta&t=-P0jjD6g8IHuYf-QlvabNADqHTAkPQOemoj6R5NJR_Q,Remote,2 hours ago,34 applicants,Full-time · Entry level
Front End Engineer,Earthshot Labs,https://www.linkedin.com/company/earthshotlabs/life/,United States,https://media-exp1.licdn.com/dms/image/D560BAQEMaEY1xgjDIg/company-logo_100_100/0/1667587373611?e=1675900800&v=beta&t=eQddH2YleUEmtKFe-Qn5O975a8EDPm9RZGZC2i5TH6c,Remote,21 hours ago,86 applicants,Full-time · Entry level
Frontend Developer,Umanist Staffing,https://www.linkedin.com/company/umanist-staffing-llc/life/,"New York, United States",https://media-exp1.licdn.com/dms/image/C4D0BAQFo-qSweHe8AQ/company-logo_100_100/0/1655510962157?e=1675900800&v=beta&t=yWlFAeYOTdlFuz31WP1T7u4OUEV6WwwlhyuZKsGDzko,Hybrid,3 hours ago,12 applicants,Contract
Web Developer,Yoop,https://www.linkedin.com/company/yoopevents/life/,"New York, NY",https://media-exp1.licdn.com/dms/image/C4D0BAQF8XCaRefMOqA/company-logo_100_100/0/1562936719911?e=1675900800&v=beta&t=R2AOzlA0VZB4hbMTwCC-KygwT3hjm0saEMDqysIXPd0,On-site,10 hours ago,19 applicants,Full-time · Entry level
React-JS Developer,Dice,https://www.linkedin.com/company/dice/life/,United States,https://media-exp1.licdn.com/dms/image/C560BAQEYK67Tel_mng/company-logo_100_100/0/1624162747433?e=1675900800&v=beta&t=5waaf_lqYxx085N6oLAbDSGMInhixf05-H2rD3UWGBs,Remote,24 minutes ago,1 applicant,Contract · Entry level
UI/REACT DEVELOPER,Dice,https://www.linkedin.com/company/dice/life/,United States,https://media-exp1.licdn.com/dms/image/C560BAQEYK67Tel_mng/company-logo_100_100/0/1624162747433?e=1675900800&v=beta&t=5waaf_lqYxx085N6oLAbDSGMInhixf05-H2rD3UWGBs,Remote,24 minutes ago,ERR,Contract · Entry level
Web Developer,Northeast College of Health Sciences,https://www.linkedin.com/company/thenortheastcollege/life/,"Seneca Falls, NY",https://media-exp1.licdn.com/dms/image/C4D0BAQGXHWPzLEkq-w/company-logo_100_100/0/1623162295282?e=1675900800&v=beta&t=JorFP2rCobXeTaRFZ4FE1ArWNy2W49QbPZWktDj0noA,ERR,7 hours ago,5 applicants,Full-time · Entry level
React JS Developer,Dice,https://www.linkedin.com/company/dice/life/,United States,https://media-exp1.licdn.com/dms/image/C560BAQEYK67Tel_mng/company-logo_100_100/0/1624162747433?e=1675900800&v=beta&t=5waaf_lqYxx085N6oLAbDSGMInhixf05-H2rD3UWGBs,Remote,24 minutes ago,ERR,Contract · Entry level
Front End Developer,Dice,https://www.linkedin.com/company/dice/life/,United States,https://media-exp1.licdn.com/dms/image/C560BAQEYK67Tel_mng/company-logo_100_100/0/1624162747433?e=1675900800&v=beta&t=5waaf_lqYxx085N6oLAbDSGMInhixf05-H2rD3UWGBs,Remote,1 day ago,32 applicants,Contract · Entry level
Frontend Developer,SyncFab,https://www.linkedin.com/company/syncfab/life/,United States,https://media-exp1.licdn.com/dms/image/C560BAQHL-dKIITQQYA/company-logo_100_100/0/1528356082941?e=1675900800&v=beta&t=My7rf-_fGln0O-8vJ9ZD3RTmpZODAuDVAEHzIbklyCs,Remote,1 hour ago,36 applicants,Contract
Frontend Developer,CloudZenix LLC,https://www.linkedin.com/company/cloudzenix/life/,United States,https://media-exp1.licdn.com/dms/image/C560BAQG79UoXajGoPg/company-logo_100_100/0/1662962041595?e=1675900800&v=beta&t=1Dg5J4yU0WCY0tH7yLV-ZfixKQJeNu1JgfO4w51dxvI,Remote,36 minutes ago,19 applicants,Contract
"Healthcare .NET, HL7 Developer (Remote)",Piper Companies,https://www.linkedin.com/company/pipercompanies/life/,United States,https://media-exp1.licdn.com/dms/image/C4E0BAQFn01aR1iHRog/company-logo_100_100/0/1541555668518?e=1675900800&v=beta&t=tF7WomkzvbWlnz15zxs3JmOj1wS40W-YtohctEEEbrY,Remote,29 minutes ago,ERR,Full-time · Entry level
Job opening for a Frontend Developer - Remote,Dice,https://www.linkedin.com/company/dice/life/,United States,https://media-exp1.licdn.com/dms/image/C560BAQEYK67Tel_mng/company-logo_100_100/0/1624162747433?e=1675900800&v=beta&t=5waaf_lqYxx085N6oLAbDSGMInhixf05-H2rD3UWGBs,Remote,1 day ago,40 applicants,Contract · Entry level
.NET/ REACT.JS Developer - 100% Remote,Dice,https://www.linkedin.com/company/dice/life/,United States,https://media-exp1.licdn.com/dms/image/C560BAQEYK67Tel_mng/company-logo_100_100/0/1624162747433?e=1675900800&v=beta&t=5waaf_lqYxx085N6oLAbDSGMInhixf05-H2rD3UWGBs,Remote,24 minutes ago,ERR,Full-time · Entry level
JavaScript Developer,CAI,https://www.linkedin.com/company/caiconnected/life/,United States,https://media-exp1.licdn.com/dms/image/C4D0BAQHhSIyMwoT2mQ/company-logo_100_100/0/1648815454354?e=1675900800&v=beta&t=t_RDDJA7c8qIjjNTTzRReG8G3LmmXJxB__BaIpZh4Q4,Remote,49 minutes ago,18 applicants,Full-time · Entry level
Angular Developer_______Remote_______MD,Dice,https://www.linkedin.com/company/dice/life/,United States,https://media-exp1.licdn.com/dms/image/C560BAQEYK67Tel_mng/company-logo_100_100/0/1624162747433?e=1675900800&v=beta&t=5waaf_lqYxx085N6oLAbDSGMInhixf05-H2rD3UWGBs,Remote,25 minutes ago,ERR,Contract · Entry level
Web Software Developer,Eastman Kodak Company,https://www.linkedin.com/company/eastman-kodak/life/,"Rochester, NY",https://media-exp1.licdn.com/dms/image/C4E0BAQFuoueqthVqfQ/company-logo_100_100/0/1519856214251?e=1675900800&v=beta&t=fFx8tl9Ek3F7XcmRctVn0hyRqDVEbGIvJDU4A7raGHQ,On-site,11 hours ago,8 applicants,Full-time · Entry level
Frontend Engineer (React) (CFS) [Remote],Braintrust,https://www.linkedin.com/company/usebraintrust/life/,"New York, NY",https://media-exp1.licdn.com/dms/image/C560BAQHbQYFSQsK__A/company-logo_100_100/0/1630511737707?e=1675900800&v=beta&t=-P0jjD6g8IHuYf-QlvabNADqHTAkPQOemoj6R5NJR_Q,Remote,2 hours ago,21 applicants,Full-time · Entry level
Software Engineer (Frontend),Gantry,https://www.linkedin.com/company/gantry-ml/life/,United States,https://media-exp1.licdn.com/dms/image/C560BAQHlQTMv0oXcrw/company-logo_100_100/0/1625603943575?e=1675900800&v=beta&t=43fYIdLOLYLaauXvvvHglQZQvZX-VGtALPIh3rCiVHA,Remote,20 hours ago,137 applicants,Full-time · Entry level
Frontend Developer,VITA Tech,https://www.linkedin.com/company/vitatechinc/life/,United States,https://media-exp1.licdn.com/dms/image/C4D0BAQHuT-VmhZxs4A/company-logo_100_100/0/1615223154594?e=1675900800&v=beta&t=Hk4IJTBvw0h05sleQT7sldH2CDvreeSyd5tVKMVrYoI,Remote,45 minutes ago,36 applicants,Full-time
Front End Software Engineer,doxo,https://www.linkedin.com/company/doxo/life/,United States,https://media-exp1.licdn.com/dms/image/C560BAQHOPKhhfWcQAQ/company-logo_100_100/0/1553276849124?e=1675900800&v=beta&t=C5T75Z0hIPNCcNvJ65V9q4uJHZHhiTrXzbN446HxH8k,Remote,21 hours ago,ERR,Full-time · Entry level
React Native Developer(GS1014),Mobile Programming LLC,https://www.linkedin.com/company/mobileprogrammingllc/life/,United States,https://media-exp1.licdn.com/dms/image/C510BAQFEGLurPuEwvg/company-logo_100_100/0/1583790129059?e=1675900800&v=beta&t=UPGMQtL0ggYmxtfOMlpPuu0JnVbXi859CJrS92cZVYo,Remote,58 minutes ago,6 applicants,Full-time
React Developer,VBeyond Corporation,https://www.linkedin.com/company/vbeyond-corporation/life/,United States,https://media-exp1.licdn.com/dms/image/C560BAQG2W6BoqD8MNg/company-logo_100_100/0/1629285444613?e=1675900800&v=beta&t=ZC7m2E7CgZdlaG4JTDi8k8owU1T-4qMrhxHoeaRnrMs,Remote,1 hour ago,33 applicants,Full-time
Javascript Developer,Paleo,https://www.linkedin.com/company/paleo1/life/,United States,https://media-exp1.licdn.com/dms/image/C560BAQG_Ul6JPA5NDQ/company-logo_100_100/0/1655904243396?e=1675900800&v=beta&t=I2O3GLByyejk5mPQAWQbQ4Iuw1U7_UJaycYAEhWJYd0,Remote,ERR,ERR,Full-time
React Full Stack Developer,Dice,https://www.linkedin.com/company/dice/life/,United States,https://media-exp1.licdn.com/dms/image/C560BAQEYK67Tel_mng/company-logo_100_100/0/1624162747433?e=1675900800&v=beta&t=5waaf_lqYxx085N6oLAbDSGMInhixf05-H2rD3UWGBs,Remote,26 minutes ago,48 applicants,Contract · Entry level
UI Angular Developer,Dice,https://www.linkedin.com/company/dice/life/,United States,https://media-exp1.licdn.com/dms/image/C560BAQEYK67Tel_mng/company-logo_100_100/0/1624162747433?e=1675900800&v=beta&t=5waaf_lqYxx085N6oLAbDSGMInhixf05-H2rD3UWGBs,Remote,26 minutes ago,42 applicants,Contract · Entry level
Angular Developer,Sky Solutions,https://www.linkedin.com/company/sky-solutions-us/life/,United States,https://media-exp1.licdn.com/dms/image/C4D0BAQG8OAxklhmxyQ/company-logo_100_100/0/1625758941355?e=1675900800&v=beta&t=eBRWuBNykJBq_ZPWOfzTmMqf48GnY5GL19I-p0EGnOE,Remote,2 hours ago,45 applicants,Contract
Drupal Developer with PHP- Remote,Dice,https://www.linkedin.com/company/dice/life/,United States,https://media-exp1.licdn.com/dms/image/C560BAQEYK67Tel_mng/company-logo_100_100/0/1624162747433?e=1675900800&v=beta&t=5waaf_lqYxx085N6oLAbDSGMInhixf05-H2rD3UWGBs,Remote,25 minutes ago,ERR,Contract · Entry level
Developer Programs Engineer (React/Next.js) Sr/Staff/Principal,RapidAPI,https://www.linkedin.com/company/rapidapi/life/,United States,https://media-exp1.licdn.com/dms/image/C560BAQGUmHj2AjSLPg/company-logo_100_100/0/1656616977078?e=1675900800&v=beta&t=eB_HAhKkjW3kZgwpVwm_RLqcpUXJveBm0pUcOcCrTTc,Remote,6 hours ago,1 applicant,Full-time · Entry level
Nodejs Developer,Dice,https://www.linkedin.com/company/dice/life/,United States,https://media-exp1.licdn.com/dms/image/C560BAQEYK67Tel_mng/company-logo_100_100/0/1624162747433?e=1675900800&v=beta&t=5waaf_lqYxx085N6oLAbDSGMInhixf05-H2rD3UWGBs,Remote,26 minutes ago,ERR,Contract · Entry level
Tutor (External Contractor) - Front-End Web Developer Nanodegree,Udacity,https://www.linkedin.com/company/udacity/life/,United States,https://media-exp1.licdn.com/dms/image/C560BAQHiNYfm0YHKrg/company-logo_100_100/0/1656621848272?e=1675900800&v=beta&t=2jyXnJmnsT2vX8S-R3rVmEDl-ZYfRlY7rlhG9Yh9Gsk,Remote,10 hours ago,178 applicants,Full-time · Entry level
React Native Developer,"Global Soft Systems, Inc.",https://www.linkedin.com/company/global-soft-systems/life/,United States,https://media-exp1.licdn.com/dms/image/C4E0BAQG5rUabnWa0hg/company-logo_100_100/0/1570554139676?e=1675900800&v=beta&t=h4lKAk5-Apj4EiT6Qi90O5Zz_WZ2-iz_glsevYJSD4g,Remote,3 hours ago,12 applicants,Full-time · Entry level
Sr. React & Next.js Engineer,RapidAPI,https://www.linkedin.com/company/rapidapi/life/,United States,https://media-exp1.licdn.com/dms/image/C560BAQGUmHj2AjSLPg/company-logo_100_100/0/1656616977078?e=1675900800&v=beta&t=eB_HAhKkjW3kZgwpVwm_RLqcpUXJveBm0pUcOcCrTTc,Remote,6 hours ago,8 applicants,Full-time · Entry level
Software Engineer (Fullstack Node.js / JavaScript) [Remote],Braintrust,https://www.linkedin.com/company/usebraintrust/life/,"New York, NY",https://media-exp1.licdn.com/dms/image/C560BAQHbQYFSQsK__A/company-logo_100_100/0/1630511737707?e=1675900800&v=beta&t=-P0jjD6g8IHuYf-QlvabNADqHTAkPQOemoj6R5NJR_Q,Remote,2 hours ago,19 applicants,Full-time · Entry level
Angular Developer,Dice,https://www.linkedin.com/company/dice/life/,United States,https://media-exp1.licdn.com/dms/image/C560BAQEYK67Tel_mng/company-logo_100_100/0/1624162747433?e=1675900800&v=beta&t=5waaf_lqYxx085N6oLAbDSGMInhixf05-H2rD3UWGBs,Remote,26 minutes ago,38 applicants,Contract · Entry level
Automation Engineer (JavaScript),SCIGON,https://www.linkedin.com/company/scigon/life/,United States,https://media-exp1.licdn.com/dms/image/C4E0BAQGSjBCLE8bE1g/company-logo_100_100/0/1632257547192?e=1675900800&v=beta&t=669vudGKxtGfmY1rEcC59B_n6WoSUAfXCg6Xjk0MpMo,Remote,4 hours ago,7 applicants,Contract · Entry level
NodeJs Developer with Google Cloud Platform,Dice,https://www.linkedin.com/company/dice/life/,United States,https://media-exp1.licdn.com/dms/image/C560BAQEYK67Tel_mng/company-logo_100_100/0/1624162747433?e=1675900800&v=beta&t=5waaf_lqYxx085N6oLAbDSGMInhixf05-H2rD3UWGBs,Remote,26 minutes ago,ERR,Contract · Entry level
CLEARED REMOTE : PHP Developer,Dice,https://www.linkedin.com/company/dice/life/,United States,https://media-exp1.licdn.com/dms/image/C560BAQEYK67Tel_mng/company-logo_100_100/0/1624162747433?e=1675900800&v=beta&t=5waaf_lqYxx085N6oLAbDSGMInhixf05-H2rD3UWGBs,Remote,12 hours ago,40 applicants,Full-time · Entry level
.Net Developer with Angular 8,Siaraa Technologies,https://www.linkedin.com/company/siaraatechnologies/life/,United States,https://media-exp1.licdn.com/dms/image/C4D0BAQEX8KOKlDFdsg/company-logo_100_100/0/1582914693347?e=1675900800&v=beta&t=P1UgbLREJmePC8-1AEu-0x3KfFu68qeztb_aBjXYs3k,Remote,28 minutes ago,3 applicants,Contract
UI Angular Developer,Ztek Consulting,https://www.linkedin.com/company/ztek-inc/life/,United States,https://media-exp1.licdn.com/dms/image/C4D0BAQH2-7SkxSYFww/company-logo_100_100/0/1595527443585?e=1675900800&v=beta&t=4aRPsmD18uxyJZqbkcw-Gw93kVEfhg4BLsQMCpNt1OQ,Remote,2 hours ago,15 applicants,Full-time
Javascript Developer,VBeyond Corporation,https://www.linkedin.com/company/vbeyond-corporation/life/,United States,https://media-exp1.licdn.com/dms/image/C560BAQG2W6BoqD8MNg/company-logo_100_100/0/1629285444613?e=1675900800&v=beta&t=ZC7m2E7CgZdlaG4JTDi8k8owU1T-4qMrhxHoeaRnrMs,Remote,25 minutes ago,4 applicants,Contract
Node.JS Developer with Azure Experience,Dice,https://www.linkedin.com/company/dice/life/,United States,https://media-exp1.licdn.com/dms/image/C560BAQEYK67Tel_mng/company-logo_100_100/0/1624162747433?e=1675900800&v=beta&t=5waaf_lqYxx085N6oLAbDSGMInhixf05-H2rD3UWGBs,Remote,27 minutes ago,ERR,Contract · Entry level
ANGULAR DEVELOPER,"4Consulting, Inc.",https://www.linkedin.com/company/fourci/life/,United States,https://media-exp1.licdn.com/dms/image/C4E0BAQFacqwungF7SQ/company-logo_100_100/0/1643645541471?e=1675900800&v=beta&t=cTxTLXifaqZczhHU52PwM1bFf5CtmrUWMdx0aQOEMOs,Remote,3 hours ago,33 applicants,Contract
Strong Backend Nodejs with Google Cloud Platform - Developer,Dice,https://www.linkedin.com/company/dice/life/,United States,https://media-exp1.licdn.com/dms/image/C560BAQEYK67Tel_mng/company-logo_100_100/0/1624162747433?e=1675900800&v=beta&t=5waaf_lqYxx085N6oLAbDSGMInhixf05-H2rD3UWGBs,Remote,26 minutes ago,ERR,Contract · Entry level
Azure Node.js Developer,Xpanxion,https://www.linkedin.com/company/xpanxion/life/,United States,https://media-exp1.licdn.com/dms/image/C4E0BAQGv7nrqIJZfKg/company-logo_100_100/0/1599669406457?e=1675900800&v=beta&t=47c-JMVDJVA16B8fQwA63hfxeeLRmc1eVDgRsrKtV1o,Remote,5 hours ago,48 applicants,Full-time · Entry level
PHP Developer,tCognition,https://www.linkedin.com/company/tcognition/life/,United States,https://media-exp1.licdn.com/dms/image/C4D0BAQFO1bcD64tHAQ/company-logo_100_100/0/1519856771384?e=1675900800&v=beta&t=HLTMi-i7TwrJAiVLNlgjTw50zy8SdDvNFrM7-Ah1VHs,Remote,3 hours ago,25 applicants,Contract
Web User Interface Developer,NLB Services,https://www.linkedin.com/company/nlb-services/life/,United States,https://media-exp1.licdn.com/dms/image/C4D0BAQF21GxSwzFw8A/company-logo_100_100/0/1656668376243?e=1675900800&v=beta&t=AhYRfeDaZPOnabisjNV4PkDZ2K_19Fv60bF5HfCs7eo,Remote,7 hours ago,39 applicants,Full-time
Automation Engineer (JavaScript),Dice,https://www.linkedin.com/company/dice/life/,United States,https://media-exp1.licdn.com/dms/image/C560BAQEYK67Tel_mng/company-logo_100_100/0/1624162747433?e=1675900800&v=beta&t=5waaf_lqYxx085N6oLAbDSGMInhixf05-H2rD3UWGBs,Remote,27 minutes ago,ERR,Full-time · Entry level
Sr Video Streaming Engineer (JavaScript),STAND 8 Technology Services,https://www.linkedin.com/company/westand8/life/,United States,https://media-exp1.licdn.com/dms/image/C560BAQEBckivBq3Ipg/company-logo_100_100/0/1667856427139?e=1675900800&v=beta&t=vyhfkzRx6GZOcmItCJyl66V7V8dZBwPiOzG6rjjJ9bA,Remote,4 hours ago,9 applicants,Full-time · Entry level
Full Stack Web Developer - Technical Cofounder,Intellect Bay,https://www.linkedin.com/company/intellect-bay/life/,United States,https://media-exp1.licdn.com/dms/image/C560BAQE_LWWLKvLDIA/company-logo_100_100/0/1653833305197?e=1675900800&v=beta&t=DUtn09YwC8MJiXiwVy18kpgiA1tGFI21u71MdM0ybl0,Remote,1 hour ago,9 applicants,Part-time
Node JS developer,VDart,https://www.linkedin.com/company/vdart/life/,United States,https://media-exp1.licdn.com/dms/image/C4D0BAQEgdfvPQNUfJQ/company-logo_100_100/0/1657315047277?e=1675900800&v=beta&t=qEmgs9UUpkyo4jZr0K17VDaIf-8zX4zl10ufZzNCwyE,Remote,1 hour ago,13 applicants,Contract
Backend (Server Side) Node.JS Developer,Dice,https://www.linkedin.com/company/dice/life/,United States,https://media-exp1.licdn.com/dms/image/C560BAQEYK67Tel_mng/company-logo_100_100/0/1624162747433?e=1675900800&v=beta&t=5waaf_lqYxx085N6oLAbDSGMInhixf05-H2rD3UWGBs,Remote,6 hours ago,6 applicants,Contract · Entry level
